City_ID,City,Lat,Lng,Current Description,Max Temp,Humidity,Cloudiness,Wind Speed,Country,Date
0,Puerto Ayora,-0.7393,-90.3518,broken clouds,76.96,89,66,5.01,EC,2022-08-07 20:28:44
1,Greenville,35.6127,-77.3663,clear sky,91.56,57,0,11.5,US,2022-08-07 20:34:19
2,Jamestown,42.097,-79.2353,clear sky,90.01,49,0,10.36,US,2022-08-07 20:28:37
3,Hobart,-42.8794,147.3294,few clouds,35.06,95,20,1.99,AU,2022-08-07 20:28:51
4,Upernavik,72.7868,-56.1549,broken clouds,42.37,83,78,8.23,GL,2022-08-07 20:30:02
5,Zhigansk,66.7697,123.3711,overcast clouds,49.62,93,93,16.96,RU,2022-08-07 20:33:27
6,Port Lincoln,-34.7333,135.8667,clear sky,47.64,76,1,7.14,AU,2022-08-07 20:34:16
7,Hermanus,-34.4187,19.2345,overcast clouds,49.8,84,91,0.36,ZA,2022-08-07 20:29:57
8,Avarua,-21.2078,-159.775,scattered clouds,73.45,64,40,17.27,CK,2022-08-07 20:30:18
9,Provideniya,64.3833,-173.3,overcast clouds,46.51,81,100,15.99,RU,2022-08-07 20:35:37
10,Cabo San Lucas,22.8909,-109.9124,scattered clouds,89.19,71,40,12.66,MX,2022-08-07 20:30:39
11,Kodiak,57.79,-152.4072,clear sky,60.31,51,0,4.61,US,2022-08-07 20:35:38
12,Rikitea,-23.1203,-134.9692,overcast clouds,72.52,65,100,31.74,PF,2022-08-07 20:28:41
13,Busselton,-33.65,115.3333,overcast clouds,57.58,68,100,18.79,AU,2022-08-07 20:28:42
14,Ushuaia,-54.8,-68.3,clear sky,40.66,56,0,5.75,AR,2022-08-07 20:28:36
15,Barrow,71.2906,-156.7887,overcast clouds,42.82,81,100,4.61,US,2022-08-07 20:28:39
16,Beringovskiy,63.05,179.3167,few clouds,43.12,63,12,30.11,RU,2022-08-07 20:35:39
17,Oranjemund,-28.55,16.4333,clear sky,54.48,86,0,4.79,NA,2022-08-07 20:35:39
18,Saveh,35.0213,50.3566,scattered clouds,92.35,19,42,5.59,IR,2022-08-07 20:35:40
19,Belaya Gora,68.5333,146.4167,broken clouds,56.75,46,76,14.7,RU,2022-08-07 20:35:40
20,Aripuana,-9.1667,-60.6333,moderate rain,89.38,45,77,2.37,BR,2022-08-07 20:35:41
21,Deputatskiy,69.3,139.9,overcast clouds,46.67,96,100,4.23,RU,2022-08-07 20:35:41
22,Sungaipenuh,-2.0833,101.3833,overcast clouds,63.7,96,87,1.83,ID,2022-08-07 20:35:42
23,Punta Arenas,-53.15,-70.9167,few clouds,39.31,75,20,12.66,CL,2022-08-07 20:30:16
24,Kingman,35.1894,-114.053,clear sky,98.26,23,0,6.91,US,2022-08-07 20:35:43
25,Pisco,-13.7,-76.2167,few clouds,66.25,68,20,13.8,PE,2022-08-07 20:35:43
26,Bereda,43.2686,-7.5406,scattered clouds,64.58,100,47,5.55,ES,2022-08-07 20:35:43
27,Bluff,-46.6,168.3333,scattered clouds,33.8,66,46,18.97,NZ,2022-08-07 20:28:43
28,Lompoc,34.6391,-120.4579,clear sky,88.02,64,0,18.41,US,2022-08-07 20:30:00
29,Santa Marta,11.2408,-74.199,scattered clouds,89.65,62,40,9.22,CO,2022-08-07 20:35:44
30,Airai,-8.9266,125.4092,clear sky,57.34,58,9,2.95,TL,2022-08-07 20:30:10
31,Flinders,-34.5833,150.8552,scattered clouds,52.18,78,26,5.99,AU,2022-08-07 20:35:45
32,Tombouctou,20.0,-3.0,clear sky,104.92,9,0,6.89,ML,2022-08-07 20:28:43
33,Norfolk,42.1668,-71.2495,few clouds,96.42,52,20,10.36,US,2022-08-07 20:35:46
34,Tuktoyaktuk,69.4541,-133.0374,overcast clouds,46.4,76,100,5.75,CA,2022-08-07 20:30:12
35,Albany,42.6001,-73.9662,broken clouds,93.27,62,83,1.01,US,2022-08-07 20:26:08
36,New Norfolk,-42.7826,147.0587,few clouds,34.72,86,13,2.59,AU,2022-08-07 20:35:47
37,Vaini,-21.2,-175.2,few clouds,77.16,88,20,6.91,TO,2022-08-07 20:28:57
38,Kajaani,64.2273,27.7285,few clouds,53.65,82,20,6.91,FI,2022-08-07 20:35:47
39,Fortuna,40.5982,-124.1573,overcast clouds,71.92,76,100,8.05,US,2022-08-07 20:35:48
40,Emba,48.8264,58.1442,overcast clouds,77.4,37,98,15.41,KZ,2022-08-07 20:35:48
41,Souillac,-20.5167,57.5167,broken clouds,66.58,94,75,3.44,MU,2022-08-07 20:35:49
42,Saskylakh,71.9167,114.0833,overcast clouds,48.25,70,100,3.83,RU,2022-08-07 20:35:49
43,Saint-Philippe,-21.3585,55.7679,few clouds,67.59,81,21,4.43,RE,2022-08-07 20:35:49
44,Vardo,70.3705,31.1107,clear sky,49.98,76,0,14.97,NO,2022-08-07 20:36:50
45,Paamiut,61.994,-49.6678,clear sky,43.18,88,4,18.99,GL,2022-08-07 20:32:24
46,Batagay-Alyta,67.8006,130.4114,broken clouds,53.11,88,56,4.45,RU,2022-08-07 20:36:51
47,Cape Town,-33.9258,18.4232,few clouds,59.11,86,20,8.05,ZA,2022-08-07 20:27:03
48,Beyneu,45.3167,55.2,clear sky,80.47,21,5,5.37,KZ,2022-08-07 20:36:51
49,Black River,18.0264,-77.8487,broken clouds,84.49,69,74,1.32,JM,2022-08-07 20:36:52
50,Ngunguru,-35.6167,174.5,scattered clouds,53.6,90,50,3.83,NZ,2022-08-07 20:36:52
51,Tiksi,71.6872,128.8694,light rain,46.22,96,100,3.89,RU,2022-08-07 20:36:53
52,Touros,-5.1989,-35.4608,clear sky,76.55,76,8,12.21,BR,2022-08-07 20:30:13
53,Huayang,34.4155,109.9939,overcast clouds,72.68,65,100,5.01,CN,2022-08-07 20:36:53
54,La Ronge,55.1001,-105.2842,scattered clouds,79.05,38,40,12.66,CA,2022-08-07 20:36:54
55,Kaitangata,-46.2817,169.8464,overcast clouds,38.57,66,94,10.51,NZ,2022-08-07 20:30:15
56,Port Alfred,-33.5906,26.891,light rain,61.18,97,100,3.0,ZA,2022-08-07 20:36:54
57,Severo-Kurilsk,50.6789,156.125,few clouds,56.7,91,21,7.29,RU,2022-08-07 20:32:17
58,Grindavik,63.8424,-22.4338,scattered clouds,52.27,87,40,19.57,IS,2022-08-07 20:36:55
59,Alexandria,31.2156,29.9553,clear sky,80.4,74,0,8.32,EG,2022-08-07 20:35:02
60,Mecca,21.4267,39.8261,light rain,91.33,46,100,2.55,SA,2022-08-07 20:36:55
61,Belmonte,-15.8631,-38.8828,few clouds,73.22,74,19,8.01,BR,2022-08-07 20:36:56
62,Floro,61.5996,5.0328,light intensity drizzle,57.24,100,75,8.05,NO,2022-08-07 20:36:56
63,Hithadhoo,-0.6,73.0833,overcast clouds,81.93,69,100,3.58,MV,2022-08-07 20:28:49
64,Bilibino,68.0546,166.4372,clear sky,40.42,60,9,2.64,RU,2022-08-07 20:36:57
65,Hilo,19.7297,-155.09,overcast clouds,89.28,76,100,8.01,US,2022-08-07 20:30:14
66,Castro,-24.7911,-50.0119,heavy intensity rain,57.54,95,100,2.24,BR,2022-08-07 20:36:58
67,Merrill,45.1805,-89.6835,overcast clouds,74.17,88,100,3.44,US,2022-08-07 20:36:58
68,Khatanga,71.9667,102.5,broken clouds,51.22,81,64,7.25,RU,2022-08-07 20:36:58
69,Roebourne,-20.7833,117.1333,clear sky,63.9,36,0,6.78,AU,2022-08-07 20:36:59
70,Tasiilaq,65.6145,-37.6368,moderate rain,48.36,94,100,6.87,GL,2022-08-07 20:28:50
71,Codrington,-38.2667,141.9667,clear sky,37.69,90,7,7.54,AU,2022-08-07 20:37:00
72,Yaan,7.3833,8.5667,light rain,74.07,91,78,5.37,NG,2022-08-07 20:37:00
73,Lavrentiya,65.5833,-171.0,moderate rain,39.78,92,100,13.15,RU,2022-08-07 20:29:57
74,Wamba,8.9333,8.6,overcast clouds,72.43,95,100,1.92,NG,2022-08-07 20:37:01
75,Mataura,-46.1927,168.8643,few clouds,33.48,91,11,5.14,NZ,2022-08-07 20:29:59
76,Kavaratti,10.5669,72.642,overcast clouds,80.55,83,99,23.8,IN,2022-08-07 20:33:15
77,Saint-Augustin,51.226,-58.6502,overcast clouds,73.54,73,100,22.15,CA,2022-08-07 20:37:02
78,Chokurdakh,70.6333,147.9167,overcast clouds,47.93,51,100,13.87,RU,2022-08-07 20:37:02
79,Port Elizabeth,-33.918,25.5701,light intensity drizzle,61.32,99,100,12.66,ZA,2022-08-07 20:27:33
80,Butaritari,3.0707,172.7902,overcast clouds,82.15,71,100,15.93,KI,2022-08-07 20:37:03
81,Atuona,-9.8,-139.0333,overcast clouds,77.04,69,100,17.31,PF,2022-08-07 20:28:41
82,Buckeye,33.3703,-112.5838,broken clouds,106.83,30,63,11.01,US,2022-08-07 20:37:04
83,Yerbogachen,61.2767,108.0108,overcast clouds,46.99,98,100,5.06,RU,2022-08-07 20:37:04
84,Salinas,36.6777,-121.6555,clear sky,88.0,60,0,12.66,US,2022-08-07 20:33:33
85,Ailigandi,9.2333,-78.0167,overcast clouds,82.06,74,100,4.27,PA,2022-08-07 20:37:05
86,Sukumo,32.9333,132.7333,overcast clouds,77.47,94,100,4.21,JP,2022-08-07 20:37:06
87,Alofi,-19.0595,-169.9187,scattered clouds,78.69,73,40,11.5,NU,2022-08-07 20:33:53
88,Manbij,36.5281,37.9549,clear sky,74.73,66,0,19.26,SY,2022-08-07 20:37:07
89,Esperance,-33.8667,121.9,clear sky,48.76,84,0,12.1,AU,2022-08-07 20:37:07
90,Vanavara,60.34,102.2797,overcast clouds,49.95,93,99,2.8,RU,2022-08-07 20:38:08
91,Fort Nelson,58.8053,-122.7002,shower rain,74.79,41,75,10.36,CA,2022-08-07 20:38:08
92,Fukue,32.6881,128.8419,scattered clouds,82.76,82,50,12.03,JP,2022-08-07 20:38:08
93,Chuy,-33.6971,-53.4616,clear sky,48.92,83,6,9.28,UY,2022-08-07 20:38:09
94,Pevek,69.7008,170.3133,overcast clouds,32.43,94,100,16.93,RU,2022-08-07 20:38:09
95,Kaputa,-8.4689,29.6619,clear sky,69.75,46,0,0.98,ZM,2022-08-07 20:38:10
96,Urengoy,65.9667,78.3667,broken clouds,57.7,92,76,7.27,RU,2022-08-07 20:38:10
97,Bathsheba,13.2167,-59.5167,broken clouds,84.81,92,75,19.57,BB,2022-08-07 20:38:11
98,Port Hedland,-20.3167,118.5667,clear sky,53.65,82,0,5.75,AU,2022-08-07 20:38:11
99,Basco,20.4487,121.9702,overcast clouds,84.94,74,100,17.0,PH,2022-08-07 20:38:12
100,Terrace,54.5163,-128.6035,broken clouds,69.71,60,75,8.05,CA,2022-08-07 20:37:42
101,Malakal,9.5334,31.6605,light rain,72.64,94,100,5.21,SS,2022-08-07 20:38:12
102,Padang,-0.9492,100.3543,overcast clouds,76.69,86,90,3.31,ID,2022-08-07 20:38:13
103,Sarangani,5.4033,125.4636,overcast clouds,81.28,78,100,18.59,PH,2022-08-07 20:38:14
104,Pacific Grove,36.6177,-121.9166,clear sky,80.38,73,0,12.66,US,2022-08-07 20:38:14
105,Belomorsk,64.5232,34.7668,scattered clouds,54.99,72,40,9.22,RU,2022-08-07 20:38:14
106,Serenje,-13.2325,30.2352,clear sky,54.41,53,2,2.37,ZM,2022-08-07 20:38:15
107,Mezhova,48.2532,36.7347,clear sky,71.53,34,3,8.7,UA,2022-08-07 20:38:15
108,Shimoda,34.6667,138.95,scattered clouds,78.1,88,41,7.11,JP,2022-08-07 20:38:16
109,Acari,-15.4311,-74.6158,scattered clouds,67.53,67,47,8.34,PE,2022-08-07 20:38:16
110,Port Hardy,50.6996,-127.4199,scattered clouds,62.6,88,40,2.3,CA,2022-08-07 20:35:29
111,Hofn,64.2539,-15.2082,overcast clouds,52.59,98,100,11.61,IS,2022-08-07 20:38:17
112,Iqaluit,63.7506,-68.5145,scattered clouds,46.13,87,40,8.05,CA,2022-08-07 20:36:01
113,Chapais,49.7834,-74.8492,overcast clouds,60.58,38,100,8.1,CA,2022-08-07 20:34:00
114,Kushima,31.4583,131.2333,scattered clouds,78.46,89,39,4.12,JP,2022-08-07 20:38:18
115,Bethel,41.3712,-73.414,clear sky,94.05,65,0,18.41,US,2022-08-07 20:30:18
116,Cherskiy,68.75,161.3,overcast clouds,39.85,70,91,3.94,RU,2022-08-07 20:28:44
117,Ercis,39.0287,43.3586,clear sky,68.63,43,0,1.81,TR,2022-08-07 20:38:19
118,Sosnovo-Ozerskoye,52.5249,111.5418,few clouds,40.15,92,13,8.14,RU,2022-08-07 20:38:19
119,Andenes,69.3143,16.1194,broken clouds,49.98,93,75,13.8,NO,2022-08-07 20:38:20
120,Ahuatempan,18.4167,-98.0167,overcast clouds,82.18,30,100,18.45,MX,2022-08-07 20:38:20
121,Phonhong,18.5007,102.4166,light rain,73.99,98,100,1.21,LA,2022-08-07 20:38:21
122,Bredasdorp,-34.5322,20.0403,clear sky,53.62,95,2,5.21,ZA,2022-08-07 20:28:54
123,Lasa,46.6166,10.7002,broken clouds,67.08,89,84,1.32,IT,2022-08-07 20:38:22
124,Poso,-1.3959,120.7524,overcast clouds,75.13,84,96,4.25,ID,2022-08-07 20:38:23
125,Nanortalik,60.1432,-45.2371,clear sky,45.25,81,6,9.24,GL,2022-08-07 20:38:23
126,Jieshi,22.8134,115.8257,overcast clouds,81.41,82,90,11.18,CN,2022-08-07 20:38:23
127,Coquimbo,-29.9533,-71.3436,few clouds,60.53,58,20,10.36,CL,2022-08-07 20:38:24
128,Mengcheng,33.2579,116.5655,overcast clouds,83.43,69,99,6.6,CN,2022-08-07 20:38:25
129,Dikson,73.5069,80.5464,moderate rain,42.21,100,100,8.48,RU,2022-08-07 20:28:38
130,Promyshlennaya,54.9159,85.6385,scattered clouds,61.75,80,40,3.94,RU,2022-08-07 20:38:25
131,Koungou,-12.7336,45.2042,clear sky,69.51,88,0,0.0,YT,2022-08-07 20:38:26
132,Mehamn,71.0357,27.8492,light rain,48.15,93,75,11.5,NO,2022-08-07 20:33:49
133,Kurilsk,45.2333,147.8833,broken clouds,58.91,95,79,10.78,RU,2022-08-07 20:39:26
134,Longyearbyen,78.2186,15.6401,overcast clouds,45.14,93,100,1.1,SJ,2022-08-07 20:39:27
135,Porto Murtinho,-21.6989,-57.8825,light rain,74.75,76,100,5.19,BR,2022-08-07 20:39:27
136,Evensk,61.95,159.2333,overcast clouds,55.83,83,100,1.7,RU,2022-08-07 20:39:28
137,Kampot,10.6167,104.1833,overcast clouds,82.45,86,100,7.54,KH,2022-08-07 20:39:28
138,Muroto,33.2833,134.15,broken clouds,82.83,79,84,6.17,JP,2022-08-07 20:39:29
139,Kenitra,34.261,-6.5802,clear sky,72.36,82,7,4.43,MA,2022-08-07 20:39:29
140,Srednekolymsk,67.45,153.6833,overcast clouds,54.81,42,85,13.42,RU,2022-08-07 20:39:30
141,Kampen,52.555,5.9111,clear sky,65.97,78,1,6.87,NL,2022-08-07 20:39:31
142,Ponta Do Sol,32.6667,-17.1,clear sky,73.71,81,1,3.42,PT,2022-08-07 20:30:19
143,Vao,-22.6667,167.4833,clear sky,72.25,83,0,10.89,NC,2022-08-07 20:39:31
144,Faanui,-16.4833,-151.75,broken clouds,76.98,71,78,25.03,PF,2022-08-07 20:39:32
145,Norman Wells,65.282,-126.8329,broken clouds,66.24,52,75,8.05,CA,2022-08-07 20:39:32
146,Lukulu,-14.3707,23.242,clear sky,60.8,26,0,6.49,ZM,2022-08-07 20:39:32
147,Erdenet,49.0333,104.0833,clear sky,50.07,84,10,1.74,MN,2022-08-07 20:35:24
148,Kapaa,22.0752,-159.319,overcast clouds,82.72,76,100,11.5,US,2022-08-07 20:36:06
149,Veraval,20.9,70.3667,light rain,81.18,89,100,13.42,IN,2022-08-07 20:39:33
150,Sembakung,3.8167,117.25,overcast clouds,71.13,96,98,1.14,ID,2022-08-07 20:39:34
151,Mar Del Plata,-38.0023,-57.5575,broken clouds,49.08,80,75,10.36,AR,2022-08-07 20:30:17
152,Eureka,40.8021,-124.1637,overcast clouds,73.2,82,90,5.01,US,2022-08-07 20:39:34
153,Yellowknife,62.456,-114.3525,broken clouds,63.12,67,75,5.75,CA,2022-08-07 20:39:35
154,Saint-Georges,12.0564,-61.7485,few clouds,85.68,74,20,11.5,GD,2022-08-07 20:39:35
155,Dingzhou,38.5131,114.9956,broken clouds,80.71,95,62,6.78,CN,2022-08-07 20:39:36
156,Domoni,-12.2569,44.5319,clear sky,73.49,73,7,3.11,KM,2022-08-07 20:39:36
157,Vila Franca Do Campo,37.7167,-25.4333,light rain,72.01,88,29,6.69,PT,2022-08-07 20:39:37
158,Taybad,34.74,60.7756,clear sky,82.09,22,0,18.23,IR,2022-08-07 20:39:37
159,Drakino,51.139,39.4021,scattered clouds,71.83,39,34,6.17,RU,2022-08-07 20:39:37
160,Ryazanovskiy,55.55,39.4333,overcast clouds,63.63,94,100,6.8,RU,2022-08-07 20:39:38
161,Laguna,38.421,-121.4238,clear sky,93.34,34,0,10.36,US,2022-08-07 20:35:18
162,Mitu,1.1983,-70.1733,broken clouds,83.05,68,54,2.95,CO,2022-08-07 20:39:38
163,Georgetown,5.4112,100.3354,few clouds,82.33,90,20,2.3,MY,2022-08-07 20:36:52
164,San Ramon,37.7799,-121.978,clear sky,84.65,52,0,13.8,US,2022-08-07 20:38:57
165,Hamilton,39.1834,-84.5333,light rain,90.72,67,0,16.11,US,2022-08-07 20:38:03
166,Neiafu,-18.65,-173.9833,scattered clouds,79.48,78,40,9.22,TO,2022-08-07 20:39:40
167,Najran,17.4924,44.1277,clear sky,84.85,35,8,5.06,SA,2022-08-07 20:39:40
168,Inirida,3.8653,-67.9239,overcast clouds,81.52,75,95,1.5,CO,2022-08-07 20:39:41
169,Taksimo,56.3444,114.8794,scattered clouds,46.6,82,33,3.87,RU,2022-08-07 20:39:41
170,Carnarvon,-24.8667,113.6333,clear sky,62.08,77,0,11.7,AU,2022-08-07 20:39:41
171,Santa Cruz,-17.8,-63.1667,overcast clouds,69.85,94,100,8.05,BO,2022-08-07 20:39:42
172,Pontianak,-0.0333,109.3333,mist,73.38,100,76,1.14,ID,2022-08-07 20:39:42
173,Christchurch,-43.5333,172.6333,broken clouds,39.9,88,75,8.05,NZ,2022-08-07 20:35:11
174,Bambous Virieux,-20.3428,57.7575,broken clouds,66.45,94,75,3.44,MU,2022-08-07 20:37:21
175,Olinda,-8.0089,-34.8553,scattered clouds,78.53,69,40,9.22,BR,2022-08-07 20:39:43
176,Margate,51.3813,1.3862,clear sky,66.31,72,4,1.99,GB,2022-08-07 20:39:43
177,Sao Cristovao,-11.0147,-37.2064,broken clouds,78.71,69,75,12.66,BR,2022-08-07 20:39:44
178,Abu Kamal,34.4506,40.9171,clear sky,92.98,16,0,10.27,SY,2022-08-07 20:40:44
179,Bosaso,11.2842,49.1816,overcast clouds,91.89,39,97,15.32,SO,2022-08-07 20:40:45
180,Port Moresby,-9.4431,147.1797,broken clouds,78.22,83,75,6.91,PG,2022-08-07 20:40:45
181,Dalvik,65.9702,-18.5286,overcast clouds,57.13,95,100,2.19,IS,2022-08-07 20:40:46
182,Dingle,10.9995,122.6711,overcast clouds,73.92,92,100,3.89,PH,2022-08-07 20:40:46
183,Kuytun,54.3419,101.5036,clear sky,45.75,89,6,3.0,RU,2022-08-07 20:40:46
184,Praia,14.9215,-23.5087,broken clouds,82.94,78,75,4.61,CV,2022-08-07 20:40:47
185,Mbanza-Ngungu,-5.25,14.8667,few clouds,73.22,50,14,4.16,CD,2022-08-07 20:40:47
186,Calvia,39.5657,2.5062,clear sky,84.92,67,4,1.59,ES,2022-08-07 20:37:35
187,Saint Anthony,45.0205,-93.218,few clouds,76.33,71,20,6.91,US,2022-08-07 20:40:48
188,Churapcha,62.0025,132.4325,clear sky,52.38,80,7,4.94,RU,2022-08-07 20:40:49
189,Pangoa,-12.1167,-73.0,broken clouds,80.78,61,73,2.42,PE,2022-08-07 20:40:49
190,Cadiz,36.5,-5.75,clear sky,69.75,82,0,2.06,ES,2022-08-07 20:40:49
191,Rundu,-17.9333,19.7667,clear sky,63.77,28,0,5.03,NA,2022-08-07 20:40:50
192,Victoria,22.2855,114.1577,overcast clouds,84.38,88,97,8.99,HK,2022-08-07 20:36:04
193,Mount Gambier,-37.8333,140.7667,clear sky,39.2,91,10,4.47,AU,2022-08-07 20:40:50
194,Chara,56.9064,118.2631,overcast clouds,51.94,81,100,4.56,RU,2022-08-07 20:40:55
195,Tarko-Sale,64.9225,77.785,broken clouds,58.39,81,81,10.8,RU,2022-08-07 20:40:55
196,Atar,20.5169,-13.0499,clear sky,101.34,23,6,15.79,MR,2022-08-07 20:40:56
197,Harper,4.375,-7.7169,overcast clouds,73.58,81,100,8.1,LR,2022-08-07 20:40:56
198,Alberton,46.8168,-64.0654,overcast clouds,84.33,69,100,6.96,CA,2022-08-07 20:40:57
199,Ribeira Grande,38.5167,-28.7,broken clouds,73.8,94,75,11.5,PT,2022-08-07 20:40:57
200,Katsuura,35.1333,140.3,clear sky,80.58,88,5,12.88,JP,2022-08-07 20:37:59
201,Vaasa,63.096,21.6158,clear sky,57.94,93,0,9.22,FI,2022-08-07 20:40:58
202,Rawson,-43.3002,-65.1023,overcast clouds,42.87,71,100,10.63,AR,2022-08-07 20:39:12
203,Hay River,60.8156,-115.7999,overcast clouds,62.58,72,98,8.05,CA,2022-08-07 20:40:58
204,Ialibu,-6.2821,143.9935,overcast clouds,52.29,94,100,2.77,PG,2022-08-07 20:40:59
205,Kaeo,-35.1,173.7833,few clouds,56.19,88,21,3.69,NZ,2022-08-07 20:40:59
206,Te Anau,-45.4167,167.7167,few clouds,32.9,89,20,7.31,NZ,2022-08-07 20:39:57
207,Kuryk,43.2,51.65,overcast clouds,82.24,30,97,8.34,KZ,2022-08-07 20:41:00
208,Cayenne,4.9333,-52.3333,clear sky,86.04,5,0,6.91,GF,2022-08-07 20:41:00
209,Mahebourg,-20.4081,57.7,broken clouds,66.49,94,75,3.44,MU,2022-08-07 20:41:01
210,Torrington,41.8007,-73.1212,overcast clouds,92.34,57,94,3.0,US,2022-08-07 20:39:05
211,Mananjary,-21.2167,48.3333,clear sky,64.31,91,5,3.62,MG,2022-08-07 20:41:01
212,Rio Gallegos,-51.6226,-69.2181,scattered clouds,37.45,87,40,13.8,AR,2022-08-07 20:41:02
213,Valdivia,-39.8142,-73.2459,overcast clouds,44.69,99,100,2.66,CL,2022-08-07 20:41:02
214,Port Blair,11.6667,92.75,moderate rain,80.82,83,100,21.18,IN,2022-08-07 20:41:03
215,Pietarsaari,63.65,22.6833,scattered clouds,58.89,83,47,12.24,FI,2022-08-07 20:41:03
216,Haines Junction,60.7522,-137.5108,overcast clouds,58.95,51,93,2.3,CA,2022-08-07 20:41:04
217,Mezen,65.8522,44.24,overcast clouds,54.82,77,88,7.23,RU,2022-08-07 20:41:04
218,Quarai,-30.3875,-56.4514,overcast clouds,55.13,86,100,15.32,BR,2022-08-07 20:41:05
219,Qaanaaq,77.484,-69.3632,clear sky,44.91,53,5,4.9,GL,2022-08-07 20:41:05
220,Soe,-9.8607,124.284,few clouds,61.95,91,11,4.12,ID,2022-08-07 20:41:06
221,Pochutla,15.7432,-96.4661,overcast clouds,90.82,59,100,6.64,MX,2022-08-07 20:41:06
222,Karratha,-20.7377,116.8463,clear sky,63.59,51,0,8.68,AU,2022-08-07 20:41:07
223,Kaabong,3.4836,34.1492,overcast clouds,65.84,77,88,3.47,UG,2022-08-07 20:41:08
224,Kindu,-2.95,25.95,overcast clouds,74.7,65,93,2.33,CD,2022-08-07 20:41:08
225,Villaviciosa De Odon,40.3569,-3.9001,clear sky,91.58,24,0,6.91,ES,2022-08-07 20:41:09
226,San Antonio,29.4241,-98.4936,scattered clouds,102.06,36,40,12.66,US,2022-08-07 20:40:03
227,Merauke,-8.4667,140.3333,scattered clouds,75.65,90,50,11.39,ID,2022-08-07 20:42:09
228,Dong Hoi,17.4833,106.6,moderate rain,79.09,83,100,5.53,VN,2022-08-07 20:42:10
229,Caravelas,-17.7125,-39.2481,clear sky,73.94,79,0,9.62,BR,2022-08-07 20:42:10
230,Abancay,-13.6339,-72.8814,broken clouds,67.46,52,82,6.31,PE,2022-08-07 20:42:11
231,Monte Escobedo,22.3,-103.5833,overcast clouds,73.62,38,87,7.27,MX,2022-08-07 20:42:11
232,Namatanai,-3.6667,152.4333,overcast clouds,78.76,81,95,6.44,PG,2022-08-07 20:42:12
233,Port Macquarie,-31.4333,152.9167,scattered clouds,49.89,77,29,14.25,AU,2022-08-07 20:42:12
234,Ossora,59.2353,163.0719,overcast clouds,62.44,76,100,5.28,RU,2022-08-07 20:42:13
235,Coihaique,-45.5752,-72.0662,overcast clouds,40.95,65,100,4.61,CL,2022-08-07 20:38:19
236,Buala,-8.145,159.5921,light rain,81.01,76,97,1.74,SB,2022-08-07 20:38:03
237,Westport,41.1415,-73.3579,few clouds,92.75,65,20,18.41,US,2022-08-07 20:40:05
238,Bhadasar,28.2833,74.3167,overcast clouds,89.08,62,100,8.23,IN,2022-08-07 20:42:14
239,Honiara,-9.4333,159.95,overcast clouds,80.04,81,91,2.44,SB,2022-08-07 20:42:15
240,Langres,47.8333,5.3333,clear sky,66.2,38,3,8.88,FR,2022-08-07 20:42:15
241,Antalaha,-14.9003,50.2788,scattered clouds,64.71,88,34,5.93,MG,2022-08-07 20:42:16
242,Usinsk,65.9939,57.5281,clear sky,67.14,61,0,13.35,RU,2022-08-07 20:42:16
243,Barcelos,41.5388,-8.6151,clear sky,71.92,94,8,1.9,PT,2022-08-07 20:42:17
244,Talnakh,69.4865,88.3972,light rain,54.21,95,100,8.03,RU,2022-08-07 20:42:17
245,Thompson,55.7435,-97.8558,broken clouds,75.36,38,75,19.57,CA,2022-08-07 20:42:18
246,Luderitz,-26.6481,15.1594,clear sky,56.88,76,0,8.95,NA,2022-08-07 20:42:18
247,Kyabe,9.4515,18.9449,overcast clouds,71.98,91,98,3.09,TD,2022-08-07 20:42:18
248,Marsa Matruh,31.3525,27.2453,clear sky,79.2,75,0,8.77,EG,2022-08-07 20:42:19
249,Quang Ngai,15.1167,108.8,moderate rain,75.58,95,100,4.03,VN,2022-08-07 20:42:19
250,Beeville,28.4008,-97.7483,scattered clouds,96.98,32,40,14.97,US,2022-08-07 20:42:20
251,Moron De La Frontera,37.1208,-5.454,clear sky,73.4,65,0,11.5,ES,2022-08-07 20:42:20
252,Moindou,-21.6924,165.677,broken clouds,72.39,87,55,3.69,NC,2022-08-07 20:42:21
253,Aksarka,66.5606,67.7975,scattered clouds,69.87,64,38,7.65,RU,2022-08-07 20:42:21
254,Sitka,57.0531,-135.33,overcast clouds,57.09,82,100,8.05,US,2022-08-07 20:42:21
255,Pilar,-9.5972,-35.9567,broken clouds,78.73,83,77,5.19,BR,2022-08-07 20:42:22
256,East London,-33.0153,27.9116,light rain,66.92,87,100,23.2,ZA,2022-08-07 20:42:22
257,Luan,46.3592,6.9759,overcast clouds,61.93,84,98,3.91,CH,2022-08-07 20:42:23
258,Maragogi,-9.0122,-35.2225,few clouds,74.75,73,22,9.53,BR,2022-08-07 20:40:57
259,Tuatapere,-46.1333,167.6833,scattered clouds,35.55,83,31,9.55,NZ,2022-08-07 20:42:23
260,Pointe-Noire,-4.7761,11.8635,scattered clouds,68.56,83,27,6.69,CG,2022-08-07 20:42:24
261,Bengkulu,-3.8004,102.2655,few clouds,74.46,88,13,4.83,ID,2022-08-07 20:42:25
262,Ajaccio,42.0,8.9167,clear sky,75.18,65,0,3.44,FR,2022-08-07 20:41:58
263,Salalah,17.0151,54.0924,light intensity drizzle,75.29,100,100,4.61,OM,2022-08-07 20:39:14
264,Kavieng,-2.5744,150.7967,light rain,81.27,80,99,13.35,PG,2022-08-07 20:42:26
265,Carutapera,-1.195,-46.02,broken clouds,79.0,82,76,8.48,BR,2022-08-07 20:42:26
266,Arraial Do Cabo,-22.9661,-42.0278,overcast clouds,73.36,83,100,9.22,BR,2022-08-07 20:42:26
267,Bilma,18.6853,12.9164,scattered clouds,94.64,30,31,10.69,NE,2022-08-07 20:42:27
268,Rockport,28.0206,-97.0544,clear sky,93.25,70,0,17.27,US,2022-08-07 20:42:27
269,Nikolskoye,59.7035,30.7861,few clouds,57.09,79,11,3.65,RU,2022-08-07 20:42:28
270,Saldanha,-33.0117,17.9442,scattered clouds,57.25,96,32,13.85,ZA,2022-08-07 20:42:28
271,Talara,-4.5772,-81.2719,clear sky,72.36,64,0,16.11,PE,2022-08-07 20:41:40
272,Nenjiang,49.1833,125.2167,clear sky,55.11,59,2,9.62,CN,2022-08-07 20:42:29
273,Athabasca,54.7169,-113.2854,clear sky,77.41,37,2,13.42,CA,2022-08-07 20:42:29
274,Gwadar,25.1216,62.3254,overcast clouds,81.09,87,100,5.77,PK,2022-08-07 20:43:30
275,Richards Bay,-28.783,32.0377,broken clouds,67.19,94,78,6.33,ZA,2022-08-07 20:43:30
276,Mindelo,16.8901,-24.9804,broken clouds,81.95,74,75,13.8,CV,2022-08-07 20:43:30
277,Kloulklubed,7.0419,134.2556,overcast clouds,75.7,78,100,12.24,PW,2022-08-07 20:43:31
278,Luena,-11.7833,19.9167,clear sky,58.23,31,0,5.01,AO,2022-08-07 20:43:31
279,Chornukhy,50.2673,32.942,overcast clouds,69.04,73,96,6.96,UA,2022-08-07 20:43:32
280,Kenora,49.8167,-94.4337,broken clouds,67.17,52,75,5.75,CA,2022-08-07 20:43:32
281,Kutum,14.2,24.6667,light rain,72.5,70,57,13.06,SD,2022-08-07 20:43:33
282,Mount Isa,-20.7333,139.5,clear sky,53.37,37,0,6.91,AU,2022-08-07 20:43:33
283,Cedar City,37.6775,-113.0619,clear sky,86.4,26,0,6.91,US,2022-08-07 20:43:33
284,Camocim,-2.9022,-40.8411,broken clouds,81.09,72,80,19.37,BR,2022-08-07 20:43:34
285,Manta,-0.95,-80.7333,overcast clouds,74.98,83,100,8.05,EC,2022-08-07 20:43:34
286,Cabedelo,-6.9811,-34.8339,few clouds,79.47,77,18,11.32,BR,2022-08-07 20:43:35
287,Ilulissat,69.2167,-51.1,broken clouds,48.22,81,75,5.75,GL,2022-08-07 20:43:35
288,Skjervoy,70.0311,20.9714,light rain,50.0,82,100,16.58,NO,2022-08-07 20:43:36
289,Aykhal,66.0,111.5,light rain,43.7,98,100,5.06,RU,2022-08-07 20:43:36
290,Inongo,-1.95,18.2667,scattered clouds,73.83,67,48,6.08,CD,2022-08-07 20:43:37
291,Kirakira,-10.4544,161.9205,overcast clouds,79.68,84,95,6.67,SB,2022-08-07 20:43:37
292,Dukat,62.55,155.55,overcast clouds,64.0,64,88,3.85,RU,2022-08-07 20:43:38
293,Thaba Nchu,-29.2093,26.839,broken clouds,59.14,35,74,13.13,ZA,2022-08-07 20:43:38
294,Wanlaweyn,2.6185,44.8938,overcast clouds,73.08,79,100,14.81,SO,2022-08-07 20:43:39
295,Rocha,-34.4833,-54.3333,overcast clouds,45.3,84,91,6.22,UY,2022-08-07 20:43:39
296,Taoudenni,22.6783,-3.9836,clear sky,104.27,9,1,9.53,ML,2022-08-07 20:43:39
297,Dabou,5.3256,-4.3769,few clouds,73.85,81,13,9.95,CI,2022-08-07 20:43:40
298,Biak,-0.9131,122.8766,overcast clouds,74.7,85,100,4.68,ID,2022-08-07 20:43:40
299,Estevan,49.1334,-102.9842,clear sky,73.22,56,0,12.66,CA,2022-08-07 20:43:41
300,Rosetta,31.4044,30.4164,clear sky,78.85,75,0,5.77,EG,2022-08-07 20:43:41
301,Tamayo,18.3947,-71.2029,scattered clouds,94.71,59,40,13.8,DO,2022-08-07 20:43:42
302,Whitecourt,54.1502,-115.6855,few clouds,79.84,36,20,13.8,CA,2022-08-07 20:43:42
303,Karpogory,64.0019,44.4451,overcast clouds,58.42,84,100,7.07,RU,2022-08-07 20:43:43
304,Mahuva,21.0914,71.7622,overcast clouds,81.12,87,100,7.14,IN,2022-08-07 20:43:43
305,Kruisfontein,-34.0033,24.7314,light rain,56.88,88,78,4.92,ZA,2022-08-07 20:39:19
306,Khilok,51.3674,110.4676,clear sky,43.09,91,0,4.97,RU,2022-08-07 20:43:44
307,Husavik,66.0449,-17.3389,overcast clouds,54.03,92,100,3.18,IS,2022-08-07 20:43:44
308,San Carlos De Bariloche,-41.1456,-71.3082,broken clouds,37.24,80,75,6.91,AR,2022-08-07 20:39:48
309,Novyy Urengoy,66.0833,76.6333,broken clouds,62.92,86,53,8.46,RU,2022-08-07 20:41:33
310,Wanning,18.8003,110.3967,overcast clouds,80.1,89,100,4.79,CN,2022-08-07 20:43:45
311,Komsomolskiy,40.4272,71.7189,clear sky,80.71,24,3,6.38,UZ,2022-08-07 20:43:45
312,Jumla,29.2747,82.1838,overcast clouds,61.18,87,100,2.71,NP,2022-08-07 20:39:04
313,Half Moon Bay,37.4636,-122.4286,overcast clouds,81.57,65,100,19.57,US,2022-08-07 20:43:47
314,Sambava,-14.2667,50.1667,few clouds,66.07,90,14,9.6,MG,2022-08-07 20:43:47
315,Kedrovyy,56.1667,91.8167,few clouds,46.81,80,19,2.98,RU,2022-08-07 20:43:47
316,Lokosovo,61.1333,74.8167,overcast clouds,59.63,76,94,3.6,RU,2022-08-07 20:43:48
317,Tineo,43.3376,-6.4145,broken clouds,62.06,90,69,3.31,ES,2022-08-07 20:43:48
318,Itoigawa,37.0333,137.85,broken clouds,78.03,80,79,5.53,JP,2022-08-07 20:44:49
319,Constitucion,-35.3333,-72.4167,few clouds,52.52,78,23,9.8,CL,2022-08-07 20:44:49
320,Darnah,32.767,22.6367,clear sky,80.1,71,0,17.25,LY,2022-08-07 20:44:49
321,Coahuayana,18.7333,-103.6833,broken clouds,88.9,59,61,6.04,MX,2022-08-07 20:44:50
322,Saint George,37.1041,-113.5841,clear sky,101.79,20,0,5.75,US,2022-08-07 20:44:50
323,Lianyuan,27.6883,111.6642,broken clouds,80.06,76,55,2.98,CN,2022-08-07 20:44:51
324,Sibiti,-3.6819,13.3499,clear sky,73.49,54,3,2.15,CG,2022-08-07 20:44:51
325,Yashkul,46.1711,45.3435,clear sky,78.51,34,0,5.21,RU,2022-08-07 20:44:52
326,Los Llanos De Aridane,28.6585,-17.9182,overcast clouds,69.55,78,100,14.97,ES,2022-08-07 20:43:51
327,Zapotiltic,19.6167,-103.4333,overcast clouds,76.33,70,85,3.09,MX,2022-08-07 20:44:52
328,Nelson,-41.2833,173.2833,overcast clouds,46.29,87,99,3.0,NZ,2022-08-07 20:40:37
329,Burnie,-41.0667,145.9167,few clouds,41.92,83,15,7.83,AU,2022-08-07 20:44:53
330,Bunia,1.5667,30.25,broken clouds,65.01,83,67,2.04,CD,2022-08-07 20:44:53
331,Necochea,-38.5473,-58.7368,overcast clouds,43.66,70,99,6.98,AR,2022-08-07 20:44:54
332,Maniitsoq,65.4167,-52.9,overcast clouds,39.85,95,100,2.89,GL,2022-08-07 20:44:54
333,Gopalpur,19.2667,84.9167,broken clouds,79.0,92,70,4.79,IN,2022-08-07 20:44:55
334,Georgiyevka,43.0369,74.7114,scattered clouds,68.04,68,40,6.71,KZ,2022-08-07 20:44:55
335,Daru,-9.0763,143.2092,overcast clouds,77.07,90,90,14.9,PG,2022-08-07 20:44:56
336,Novichikha,52.204,81.3877,scattered clouds,63.27,51,41,5.41,RU,2022-08-07 20:44:56
337,Sao Filipe,14.8961,-24.4956,light rain,79.79,83,93,5.01,CV,2022-08-07 20:44:57
338,Klyuchi,52.2667,79.1667,clear sky,62.13,68,7,6.46,RU,2022-08-07 20:44:57
339,Roma,43.2128,-75.4557,scattered clouds,89.82,63,40,4.61,US,2022-08-07 20:42:37
340,Honningsvag,70.9821,25.9704,overcast clouds,49.75,87,100,14.97,NO,2022-08-07 20:44:58
341,Kabale,-1.2486,29.9899,scattered clouds,60.49,67,33,2.48,UG,2022-08-07 20:44:59
342,Nemuro,43.3236,145.575,overcast clouds,65.3,98,100,14.7,JP,2022-08-07 20:45:00
343,Abha,18.2164,42.5053,clear sky,66.02,94,0,6.91,SA,2022-08-07 20:40:02
344,Erzin,36.9559,36.2,broken clouds,77.18,85,66,4.09,TR,2022-08-07 20:45:00
345,Prince Rupert,54.3161,-130.3201,overcast clouds,60.89,82,100,14.97,CA,2022-08-07 20:45:01
346,Xinmin,41.9908,122.8253,scattered clouds,68.38,90,33,11.01,CN,2022-08-07 20:45:01
347,Cidreira,-30.1811,-50.2056,overcast clouds,58.77,88,100,12.21,BR,2022-08-07 20:45:02
348,Mocuba,-16.8392,36.9856,clear sky,61.7,95,0,2.1,MZ,2022-08-07 20:45:02
349,Leningradskiy,69.3833,178.4167,light snow,32.16,96,100,20.24,RU,2022-08-07 20:45:03
350,Lorengau,-2.0226,147.2712,overcast clouds,81.12,76,93,7.81,PG,2022-08-07 20:45:03
351,Omboue,-1.5746,9.2618,broken clouds,70.68,79,53,7.81,GA,2022-08-07 20:45:04
352,Xining,36.6167,101.7667,scattered clouds,63.99,79,26,2.77,CN,2022-08-07 20:45:04
353,Huadian,42.9633,126.7478,overcast clouds,69.49,98,93,3.6,CN,2022-08-07 20:45:05
354,Mahibadhoo,3.7833,72.9667,overcast clouds,81.34,77,100,14.56,MV,2022-08-07 20:45:05
355,Leo,11.1,-2.1,overcast clouds,82.44,57,97,5.01,BF,2022-08-07 20:45:06
356,Dunedin,-45.8742,170.5036,overcast clouds,40.8,53,86,8.99,NZ,2022-08-07 20:42:45
357,Tigre,-34.426,-58.5796,few clouds,55.54,73,20,16.11,AR,2022-08-07 20:45:07
358,Serta,39.8085,-8.0988,clear sky,64.44,75,0,4.72,PT,2022-08-07 20:45:07
359,Kabare,-2.4683,28.8242,broken clouds,63.68,74,71,2.19,CD,2022-08-07 20:45:08
360,Sidi Ali,36.0998,0.4206,clear sky,76.28,70,0,3.13,DZ,2022-08-07 20:45:08
361,Cockburn Town,21.4612,-71.1419,broken clouds,85.96,74,75,13.8,TC,2022-08-07 20:41:21
362,Isangel,-19.55,169.2667,clear sky,73.51,100,5,5.75,VU,2022-08-07 20:45:09
363,Sao Pedro Do Sul,-29.6206,-54.1789,overcast clouds,57.85,86,100,9.71,BR,2022-08-07 20:45:09
364,Jamsa,61.8642,25.19,clear sky,48.92,79,2,4.94,FI,2022-08-07 20:46:10
365,Praia Da Vitoria,38.7333,-27.0667,few clouds,74.75,94,20,8.23,PT,2022-08-07 20:46:10
366,Battle Creek,42.3212,-85.1797,scattered clouds,78.55,69,40,6.91,US,2022-08-07 20:46:11
367,Kamina,-8.7386,24.9906,clear sky,65.12,31,0,4.83,CD,2022-08-07 20:46:11
368,Helong,42.5397,128.9972,broken clouds,71.22,96,69,2.84,CN,2022-08-07 20:46:11
369,Vangaindrano,-23.35,47.6,clear sky,64.47,91,1,3.02,MG,2022-08-07 20:46:12
370,Northam,51.0333,-4.2167,clear sky,63.39,85,0,5.19,GB,2022-08-07 20:46:12
371,Hasaki,35.7333,140.8333,clear sky,77.4,91,10,11.72,JP,2022-08-07 20:46:13
372,Afsin,38.2477,36.914,few clouds,72.72,43,11,4.65,TR,2022-08-07 20:46:13
373,Balakhninskiy,58.0106,114.2769,light rain,48.38,97,100,3.94,RU,2022-08-07 20:46:14
374,Ignacio De La Llave,18.7167,-95.9833,scattered clouds,85.84,62,47,9.66,MX,2022-08-07 20:46:14
375,Sulya,12.5667,75.3833,overcast clouds,74.52,94,100,5.84,IN,2022-08-07 20:46:14
376,Tibagi,-24.5094,-50.4136,moderate rain,60.53,97,100,4.47,BR,2022-08-07 20:46:15
377,Lebu,-37.6167,-73.65,overcast clouds,47.1,85,100,9.51,CL,2022-08-07 20:43:47
378,General Roca,-39.0333,-67.5833,light rain,37.74,98,100,8.88,AR,2022-08-07 20:46:15
379,Hongjiang,27.11,109.9956,scattered clouds,76.41,89,30,3.91,CN,2022-08-07 20:46:16
380,Lalmohan,22.3384,90.7419,overcast clouds,83.25,80,100,16.96,BD,2022-08-07 20:46:16
381,Luwuk,-0.9516,122.7875,overcast clouds,75.47,88,100,4.12,ID,2022-08-07 20:46:17
382,Lalibela,12.0333,39.0333,light rain,55.13,91,100,3.27,ET,2022-08-07 20:46:17
383,Swan Hill,-35.3378,143.5544,clear sky,39.25,89,1,4.52,AU,2022-08-07 20:46:18
384,Seymchan,62.8833,152.4333,broken clouds,67.48,71,59,2.24,RU,2022-08-07 20:46:18
385,Nuuk,64.1835,-51.7216,broken clouds,45.21,81,75,5.75,GL,2022-08-07 20:46:19
386,Sur,22.5667,59.5289,broken clouds,87.4,62,67,7.74,OM,2022-08-07 20:46:19
387,Porto Torres,40.835,8.3972,clear sky,80.78,81,4,3.91,IT,2022-08-07 20:46:19
388,Teplyk,48.6657,29.745,broken clouds,66.69,90,59,11.83,UA,2022-08-07 20:46:20
389,Belfast,54.5833,-5.9333,scattered clouds,63.19,88,40,8.05,GB,2022-08-07 20:41:30
390,Kudahuvadhoo,2.6708,72.8944,overcast clouds,81.81,76,92,11.81,MV,2022-08-07 20:46:21
391,Son La,21.3167,103.9,overcast clouds,67.32,99,91,0.76,VN,2022-08-07 20:46:21
392,Zhanaozen,43.3,52.8,overcast clouds,79.5,19,100,12.77,KZ,2022-08-07 20:46:21
393,Lexington,37.9887,-84.4777,clear sky,89.49,66,0,5.75,US,2022-08-07 20:43:34
394,Varkaus,62.3153,27.873,scattered clouds,52.3,78,32,4.74,FI,2022-08-07 20:46:22
395,Zinder,13.8072,8.9881,overcast clouds,90.18,45,94,10.69,NE,2022-08-07 20:46:23
396,Taltal,-25.4,-70.4833,scattered clouds,63.86,57,46,3.22,CL,2022-08-07 20:46:23
397,Kamarion,36.8,25.8167,clear sky,75.09,79,0,20.49,GR,2022-08-07 20:46:23
398,Moussoro,13.6408,16.4901,overcast clouds,84.22,62,90,13.53,TD,2022-08-07 20:46:24
399,Kyzyl-Suu,42.3414,78.0056,few clouds,60.26,66,23,1.59,KG,2022-08-07 20:46:24
400,Carauari,-4.8828,-66.8958,overcast clouds,80.64,77,100,2.01,BR,2022-08-07 20:41:58
401,Melita,49.2681,-100.9967,overcast clouds,69.55,43,93,10.29,CA,2022-08-07 20:45:16
402,Stavern,59.0,10.0333,light rain,60.31,91,85,13.44,NO,2022-08-07 20:46:25
403,Yulara,-25.2406,130.9889,clear sky,46.26,47,0,9.93,AU,2022-08-07 20:46:26
404,Bangkalan,-7.0455,112.7351,clear sky,75.15,87,1,3.76,ID,2022-08-07 20:46:26
405,Ulaangom,49.9811,92.0667,overcast clouds,61.61,52,95,0.85,MN,2022-08-07 20:46:27
406,Clyde River,70.4692,-68.5914,overcast clouds,43.03,81,100,6.91,CA,2022-08-07 20:46:27
407,Romny,50.751,33.4747,overcast clouds,68.18,68,98,6.89,UA,2022-08-07 20:46:27
408,Grand Gaube,-20.0064,57.6608,clear sky,66.6,78,8,3.0,MU,2022-08-07 20:46:28
409,Russell,32.3502,-85.1999,scattered clouds,92.48,55,40,3.44,US,2022-08-07 20:46:28
410,Trussville,33.6198,-86.6089,thunderstorm,93.45,63,75,1.01,US,2022-08-07 20:42:23
411,Mwinilunga,-11.7358,24.4293,clear sky,59.67,40,0,3.58,ZM,2022-08-07 20:46:29
412,Moree,-29.4667,149.85,clear sky,42.28,85,0,6.24,AU,2022-08-07 20:47:30
413,Buchanan,5.8808,-10.0467,overcast clouds,75.2,77,97,8.34,LR,2022-08-07 20:45:18
414,Amzya,56.2354,54.3868,broken clouds,68.2,65,81,1.28,RU,2022-08-07 20:47:30
415,Tandil,-37.3217,-59.1332,overcast clouds,43.68,65,99,6.35,AR,2022-08-07 20:47:31
416,Solnechnyy,50.7214,136.6319,overcast clouds,61.2,100,100,3.69,RU,2022-08-07 20:47:31
417,Oudtshoorn,-33.5907,22.2014,scattered clouds,56.08,81,38,6.76,ZA,2022-08-07 20:47:31
418,Pontes E Lacerda,-15.2261,-59.3353,broken clouds,90.07,37,76,4.45,BR,2022-08-07 20:47:32
419,Suntar,62.1444,117.6319,broken clouds,50.34,86,66,3.4,RU,2022-08-07 20:47:32
420,Kuito,-12.3833,16.9333,clear sky,58.01,28,0,2.8,AO,2022-08-07 20:47:33
421,Zhuhai,22.2769,113.5678,few clouds,84.85,89,20,10.36,CN,2022-08-07 20:47:33
422,Atambua,-9.1061,124.8925,few clouds,69.17,86,15,3.83,ID,2022-08-07 20:47:34
423,Torbay,47.6666,-52.7314,broken clouds,77.77,74,75,18.41,CA,2022-08-07 20:47:34
424,Kattivakkam,13.2167,80.3167,light rain,85.06,76,100,17.9,IN,2022-08-07 20:47:34
425,Nokaneng,-19.6667,22.2667,clear sky,64.98,30,1,4.14,BW,2022-08-07 20:47:35
426,Aswan,24.0934,32.907,clear sky,95.18,20,2,15.95,EG,2022-08-07 20:47:35
427,Panguna,-6.3164,155.4848,broken clouds,70.2,91,80,0.81,PG,2022-08-07 20:47:36
428,Olavarria,-36.8927,-60.3225,overcast clouds,49.01,67,98,7.2,AR,2022-08-07 20:47:36
429,Nanga Eboko,4.6833,12.3667,overcast clouds,68.61,98,100,4.97,CM,2022-08-07 20:47:36
430,Aksu,41.1231,80.2644,clear sky,78.01,42,0,3.62,CN,2022-08-07 20:47:37
431,Boa Vista,2.8197,-60.6733,scattered clouds,93.18,43,40,9.22,BR,2022-08-07 20:42:41
432,Geraldton,-28.7667,114.6,overcast clouds,52.21,93,100,12.66,AU,2022-08-07 20:47:38
433,Isla Mujeres,21.2311,-86.731,overcast clouds,82.17,78,100,9.22,MX,2022-08-07 20:44:38
434,Bairnsdale,-37.8333,147.6167,broken clouds,42.06,96,53,3.69,AU,2022-08-07 20:47:39
435,Banavar,13.4136,76.1683,light rain,69.49,93,100,7.85,IN,2022-08-07 20:47:39
436,Kahului,20.8947,-156.47,few clouds,87.82,45,20,8.01,US,2022-08-07 20:47:39
437,Mackay,-21.15,149.2,clear sky,55.69,68,3,11.74,AU,2022-08-07 20:46:36
438,Foligno,42.944,12.7011,overcast clouds,80.38,86,100,4.94,IT,2022-08-07 20:47:40
439,Le Vauclin,14.5452,-60.8388,overcast clouds,80.65,89,100,8.05,MQ,2022-08-07 20:47:40
440,Anadyr,64.75,177.4833,few clouds,45.1,56,20,22.37,RU,2022-08-07 20:47:41
441,Ayan,56.45,138.1667,light rain,54.12,95,100,19.3,RU,2022-08-07 20:47:41
442,Naifaru,5.4444,73.3657,overcast clouds,80.78,80,100,16.17,MV,2022-08-07 20:47:42
443,Pareora,-44.4871,171.2132,overcast clouds,41.18,74,100,11.59,NZ,2022-08-07 20:47:42
444,Omsukchan,62.5333,155.8,overcast clouds,65.17,65,86,3.8,RU,2022-08-07 20:47:43
445,Butterworth,5.3991,100.3638,few clouds,82.06,92,20,2.3,MY,2022-08-07 20:47:43
446,Lichuan,30.3,108.85,overcast clouds,67.42,95,100,1.77,CN,2022-08-07 20:47:44
447,Bedele,8.456,36.353,overcast clouds,54.73,97,86,2.8,ET,2022-08-07 20:47:44
448,Aljezur,37.3191,-8.8033,clear sky,65.48,87,0,5.97,PT,2022-08-07 20:47:44
449,Chalus,36.655,51.4204,broken clouds,80.06,78,75,6.91,IR,2022-08-07 20:47:45
450,Bodden Town,19.2833,-81.25,few clouds,91.4,69,20,12.66,KY,2022-08-07 20:47:46
451,Lata,40.1629,-8.3327,clear sky,61.52,88,0,2.13,PT,2022-08-07 20:47:46
452,College,64.8569,-147.8028,broken clouds,55.47,74,75,8.05,US,2022-08-07 20:47:47
453,Celestun,20.8667,-90.4,broken clouds,80.71,81,80,12.82,MX,2022-08-07 20:47:47
454,Sorland,67.667,12.6934,broken clouds,52.74,83,81,8.9,NO,2022-08-07 20:47:47
455,Vila Velha,-20.3297,-40.2925,clear sky,80.55,82,0,13.8,BR,2022-08-07 20:44:04
456,Broome,42.2506,-75.833,broken clouds,88.9,59,75,6.91,US,2022-08-07 20:47:48
457,Vestmanna,62.1564,-7.1664,fog,52.72,94,100,12.66,FO,2022-08-07 20:47:49
458,Xiongyue,40.1774,122.1228,broken clouds,76.3,93,84,14.34,CN,2022-08-07 20:47:49
459,Dromolaxia,34.8761,33.586,clear sky,80.73,68,0,6.91,CY,2022-08-07 20:48:49
460,Abnub,27.2696,31.1511,clear sky,87.78,26,4,9.06,EG,2022-08-07 20:45:15
461,Varhaug,58.6147,5.6457,broken clouds,56.86,81,75,7.85,NO,2022-08-07 20:48:50
462,Sistranda,63.7256,8.834,scattered clouds,53.56,77,42,9.26,NO,2022-08-07 20:46:02
463,Leninsk,48.7119,45.1994,scattered clouds,77.2,25,31,7.67,RU,2022-08-07 20:48:51
464,Altamont,42.2068,-121.7372,clear sky,94.89,23,0,12.66,US,2022-08-07 20:48:51
465,Umm Kaddadah,13.6017,26.6876,overcast clouds,86.43,46,97,8.68,SD,2022-08-07 20:48:52
466,Ancud,-41.8697,-73.8203,few clouds,47.23,69,14,1.07,CL,2022-08-07 20:48:52
467,Camacha,33.0833,-16.3333,scattered clouds,67.42,78,40,11.5,PT,2022-08-07 20:48:53
468,Okhotsk,59.3833,143.3,overcast clouds,54.3,87,100,9.28,RU,2022-08-07 20:48:53
469,Klaksvik,62.2266,-6.589,overcast clouds,54.52,98,98,15.64,FO,2022-08-07 20:46:27
470,Chester,40.1254,-75.8749,clear sky,90.73,73,0,4.61,US,2022-08-07 20:47:48
471,Semnan,35.5729,53.3971,clear sky,85.84,21,0,2.3,IR,2022-08-07 20:47:11
472,Huambo,-12.7761,15.7392,clear sky,60.87,24,0,3.31,AO,2022-08-07 20:48:55
473,Vilyuysk,63.7553,121.6247,broken clouds,50.07,92,60,3.42,RU,2022-08-07 20:48:55
474,Gamba,-2.65,10.0,broken clouds,68.31,85,53,5.46,GA,2022-08-07 20:48:56
475,Sault Sainte Marie,46.5168,-84.3333,overcast clouds,66.49,76,100,5.75,CA,2022-08-07 20:48:41
476,Puerto Del Rosario,28.5004,-13.8627,few clouds,73.15,83,20,20.71,ES,2022-08-07 20:48:56
477,Krutikha,53.9599,81.2093,broken clouds,56.48,93,62,6.04,RU,2022-08-07 20:48:57
478,Shelburne,44.0787,-80.2041,overcast clouds,88.75,55,100,14.12,CA,2022-08-07 20:45:11
479,Narsaq,60.9167,-46.05,clear sky,53.82,65,3,1.66,GL,2022-08-07 20:48:57
480,Abu Zabad,12.35,29.25,overcast clouds,78.39,71,95,7.74,SD,2022-08-07 20:48:58
481,Kupang,-10.1667,123.5833,few clouds,74.14,89,22,6.62,ID,2022-08-07 20:47:31
482,Nefteyugansk,61.0998,72.6035,overcast clouds,61.18,64,100,4.14,RU,2022-08-07 20:48:58
483,Oussouye,12.485,-16.5469,moderate rain,78.98,93,100,1.19,SN,2022-08-07 20:48:59
484,Pueblo Nuevo,23.3833,-105.3833,overcast clouds,72.21,55,93,5.7,MX,2022-08-07 20:48:59
485,Turkan,40.3639,50.215,scattered clouds,77.18,83,40,13.8,AZ,2022-08-07 20:48:59
486,Kieta,-6.2167,155.6333,overcast clouds,78.84,84,95,1.16,PG,2022-08-07 20:49:00
487,Yumen,40.2833,97.2,broken clouds,69.94,50,82,5.93,CN,2022-08-07 20:49:00
488,Faya,18.3851,42.4509,broken clouds,66.31,84,66,3.87,SA,2022-08-07 20:49:01
489,Beloha,-25.1667,45.05,clear sky,61.16,91,0,6.44,MG,2022-08-07 20:49:01
490,Lagoa,39.05,-27.9833,light rain,73.56,83,15,18.16,PT,2022-08-07 20:49:02
491,Mugumu,-1.85,34.7,overcast clouds,68.99,54,93,2.55,TZ,2022-08-07 20:49:02
492,Yar-Sale,66.8333,70.8333,clear sky,66.13,75,0,10.47,RU,2022-08-07 20:49:02
493,Kongoussi,13.3258,-1.5347,few clouds,87.69,52,20,10.92,BF,2022-08-07 20:49:03
494,Tukrah,32.5341,20.5791,clear sky,80.6,79,0,6.71,LY,2022-08-07 20:49:03
495,Along,28.1667,94.7667,moderate rain,76.32,95,51,1.63,IN,2022-08-07 20:49:04
496,Turukhansk,65.8167,87.9833,overcast clouds,51.42,85,100,2.37,RU,2022-08-07 20:49:05
497,Pangnirtung,66.1451,-65.7125,broken clouds,42.8,87,75,6.91,CA,2022-08-07 20:49:05
498,Nantucket,41.2835,-70.0995,few clouds,84.34,83,20,18.41,US,2022-08-07 20:49:06
499,Sakakah,29.9697,40.2064,broken clouds,101.77,21,67,5.48,SA,2022-08-07 20:45:17
500,Praya,14.9215,-23.5087,broken clouds,82.94,78,75,4.61,CV,2022-08-07 20:49:06
501,Nelson Bay,-32.7167,152.15,moderate rain,52.0,95,81,11.01,AU,2022-08-07 20:49:07
502,Savonlinna,61.8699,28.88,clear sky,51.85,93,0,4.61,FI,2022-08-07 20:49:07
503,Tabou,4.423,-7.3528,overcast clouds,73.87,80,100,8.28,CI,2022-08-07 20:49:08
504,Avera,33.194,-82.5271,overcast clouds,87.31,49,95,6.24,US,2022-08-07 20:45:00
505,Hualmay,-11.0964,-77.6139,broken clouds,64.42,76,57,12.77,PE,2022-08-07 20:49:08
506,Illintsi,49.1048,29.2177,few clouds,61.25,97,22,10.33,UA,2022-08-07 20:49:09
507,Vanimo,-2.6741,141.3028,overcast clouds,76.6,90,98,4.23,PG,2022-08-07 20:50:09
508,Ostrogozhsk,50.8664,39.0756,few clouds,69.94,42,22,4.63,RU,2022-08-07 20:50:10
509,Egvekinot,66.3167,-179.1667,scattered clouds,37.11,43,48,14.07,RU,2022-08-07 20:50:10
510,Port Shepstone,-30.7414,30.455,light rain,68.14,89,100,21.05,ZA,2022-08-07 20:50:10
511,Ivybridge,50.3904,-3.9191,clear sky,65.91,68,0,7.63,GB,2022-08-07 20:50:11
512,Swift Current,50.2834,-107.8014,clear sky,81.41,26,0,9.22,CA,2022-08-07 20:50:11
513,Adrar,20.5022,-10.0711,broken clouds,102.22,17,75,7.49,MR,2022-08-07 20:50:12
514,Itoman,26.1247,127.6694,few clouds,82.42,80,20,4.61,JP,2022-08-07 20:50:12
515,Ambilobe,-13.2,49.05,scattered clouds,63.34,83,33,3.76,MG,2022-08-07 20:50:13
516,Bonnyville,54.2668,-110.735,clear sky,76.8,47,0,13.27,CA,2022-08-07 20:50:13
517,Sao Jose Da Coroa Grande,-8.8978,-35.1478,scattered clouds,75.02,72,47,9.46,BR,2022-08-07 20:49:03
518,Sola,-13.8833,167.55,few clouds,79.21,78,24,6.49,VU,2022-08-07 20:50:14
519,Ugoofaaru,5.6667,73.0,overcast clouds,80.69,82,100,16.55,MV,2022-08-07 20:50:15
520,Ghanzi,-21.5667,21.7833,scattered clouds,66.9,27,28,9.35,BW,2022-08-07 20:50:15
521,Bouca,6.5105,18.2733,overcast clouds,67.33,98,100,3.29,CF,2022-08-07 20:50:15
522,Bubaque,11.2833,-15.8333,moderate rain,79.74,82,100,14.43,GW,2022-08-07 20:50:16
523,Gimbi,9.1667,35.8333,overcast clouds,55.04,98,100,0.67,ET,2022-08-07 20:50:16
524,Alice Springs,-23.7,133.8833,clear sky,35.15,64,0,0.0,AU,2022-08-07 20:50:17
525,Mehnagar,25.8833,83.1167,scattered clouds,86.0,67,33,7.29,IN,2022-08-07 20:50:17
526,Taloqan,36.7361,69.5345,clear sky,76.35,24,0,4.85,AF,2022-08-07 20:50:18
527,Petropavlovsk-Kamchatskiy,53.0452,158.6483,mist,54.19,100,100,2.24,RU,2022-08-07 20:50:19
528,Quatre Cocos,-20.2078,57.7625,few clouds,66.31,76,19,7.83,MU,2022-08-07 20:50:19
529,San Quintin,30.4833,-115.95,overcast clouds,77.13,73,95,4.9,MX,2022-08-07 20:50:19
530,Liverpool,53.4106,-2.9779,few clouds,64.35,76,20,5.75,GB,2022-08-07 20:46:32
531,Tilichiki,60.4667,166.1,overcast clouds,57.7,56,100,5.5,RU,2022-08-07 20:46:35
532,Wagga Wagga,-35.1167,147.3667,overcast clouds,41.41,93,100,0.0,AU,2022-08-07 20:50:20
533,Manuk Mangkaw,4.8,119.85,overcast clouds,81.18,78,97,7.29,PH,2022-08-07 20:50:21
534,Amapa,1.0,-52.0,overcast clouds,81.28,70,88,3.62,BR,2022-08-07 20:46:01
535,Labuhan,-6.8844,112.2051,clear sky,74.79,86,8,9.44,ID,2022-08-07 20:50:22
536,Tiverton,50.9,-3.4833,clear sky,66.04,60,0,2.3,GB,2022-08-07 20:50:22
537,Capreol,46.706,-80.9225,light rain,57.67,94,100,20.71,CA,2022-08-07 20:50:22
538,Poum,-20.2333,164.0167,clear sky,74.62,83,0,11.65,NC,2022-08-07 20:50:23
539,Purpe,64.4803,76.6897,overcast clouds,60.42,77,100,11.59,RU,2022-08-07 20:50:23
540,Lovington,32.944,-103.3485,overcast clouds,92.17,31,91,5.99,US,2022-08-07 20:50:24
541,Buguruslan,53.6554,52.442,overcast clouds,69.04,61,100,3.8,RU,2022-08-07 20:50:24
542,Labytnangi,66.6572,66.4183,few clouds,66.83,71,13,6.58,RU,2022-08-07 20:50:25
543,Charters Towers,-20.1,146.2667,clear sky,54.61,43,6,9.93,AU,2022-08-07 20:50:25
544,Port-Gentil,-0.7193,8.7815,few clouds,73.36,83,20,5.75,GA,2022-08-07 20:50:26
545,Gernsbach,48.7667,8.3333,clear sky,67.77,42,0,4.61,DE,2022-08-07 20:50:26
546,Ixtapa,20.7,-105.2,overcast clouds,88.23,71,90,5.01,MX,2022-08-07 20:50:27
547,Goure,13.9835,10.2704,light rain,86.02,47,100,2.66,NE,2022-08-07 20:50:27
548,Namibe,-15.1961,12.1522,scattered clouds,61.81,89,38,1.5,AO,2022-08-07 20:46:13
549,Neuquen,-38.9516,-68.0591,overcast clouds,40.89,87,100,4.61,AR,2022-08-07 20:50:28
550,Lazurne,46.084,32.5295,clear sky,77.5,53,1,8.52,UA,2022-08-07 20:50:28
551,Bunbury,-33.3333,115.6333,overcast clouds,57.06,70,100,19.69,AU,2022-08-07 20:51:29
552,Ordu,40.9086,37.6845,clear sky,57.97,93,2,4.72,TR,2022-08-07 20:51:29
553,Khandyga,62.6667,135.6,overcast clouds,58.55,79,100,1.32,RU,2022-08-07 20:51:30
554,Zaysan,47.4667,84.8667,broken clouds,65.89,46,79,4.47,KZ,2022-08-07 20:51:30
555,Tacuarembo,-31.7333,-55.9833,overcast clouds,52.0,85,100,13.29,UY,2022-08-07 20:51:31
556,Pokosnoye,55.5258,101.0536,broken clouds,45.79,82,58,3.13,RU,2022-08-07 20:51:31
557,Fairbanks,64.8378,-147.7164,broken clouds,56.08,74,75,8.05,US,2022-08-07 20:50:39
558,Emerald,-23.5333,148.1667,clear sky,47.34,70,0,11.23,AU,2022-08-07 20:51:32
559,Diffa,13.3154,12.6113,overcast clouds,85.14,58,100,10.87,NE,2022-08-07 20:51:32
560,Keuruu,62.2667,24.7,clear sky,52.81,87,7,4.56,FI,2022-08-07 20:51:33
561,Dali,25.7,100.1833,few clouds,62.08,88,11,1.86,CN,2022-08-07 20:51:33
562,At-Bashi,41.1702,75.8106,overcast clouds,60.17,65,95,0.89,KG,2022-08-07 20:51:34
563,Meiganga,6.5167,14.3,broken clouds,64.02,99,68,2.73,CM,2022-08-07 20:51:34
564,Sandwick,60.0,-1.25,overcast clouds,53.42,94,100,4.61,GB,2022-08-07 20:51:34
565,Lao Cai,22.4833,103.95,broken clouds,74.21,99,84,1.48,VN,2022-08-07 20:51:35
566,Whitehorse,60.7161,-135.0538,light intensity shower rain,52.57,83,100,2.3,CA,2022-08-07 20:51:36
567,Wanxian,30.8039,108.3897,overcast clouds,81.61,84,100,1.05,CN,2022-08-07 20:51:36
568,Gornoye Loo,43.7129,39.6049,clear sky,71.38,73,0,4.41,RU,2022-08-07 20:51:36
569,Bridlington,54.0831,-0.1919,broken clouds,65.89,83,65,5.5,GB,2022-08-07 20:50:21
570,Trairi,-3.2778,-39.2689,clear sky,78.35,78,5,14.07,BR,2022-08-07 20:48:38
571,Mahenge,-8.6833,36.7167,broken clouds,59.79,49,57,3.42,TZ,2022-08-07 20:51:37
572,Zvishavane,-20.3267,30.0665,clear sky,61.54,32,0,1.74,ZW,2022-08-07 20:51:38
573,Saint-Paul,-21.0096,55.2707,light rain,68.36,79,87,1.66,RE,2022-08-07 20:51:39
574,Tena,-0.9833,-77.8167,light rain,78.51,80,76,0.78,EC,2022-08-07 20:51:39
575,Morondava,-20.2833,44.2833,clear sky,71.55,77,0,11.18,MG,2022-08-07 20:51:40
576,Bagdarin,54.4333,113.6,few clouds,40.55,89,24,4.45,RU,2022-08-07 20:51:41
577,Lebedinyy,58.5167,125.5167,overcast clouds,49.14,90,100,4.41,RU,2022-08-07 20:51:41
578,Tuburan,6.6439,122.2736,overcast clouds,78.13,84,100,8.84,PH,2022-08-07 20:51:42
579,Ust-Tsilma,65.441,52.1498,light rain,65.03,78,10,4.72,RU,2022-08-07 20:51:42
580,Hirara,24.8,125.2833,clear sky,84.09,75,8,11.97,JP,2022-08-07 20:51:42
581,San Patricio,28.017,-97.5169,broken clouds,97.52,43,51,17.29,US,2022-08-07 20:48:46
582,Cagmanaba,13.055,123.2971,overcast clouds,78.67,83,100,5.93,PH,2022-08-07 20:51:43
583,La Palma,33.8464,-118.0467,few clouds,107.87,40,20,10.36,US,2022-08-07 20:51:43
584,Mansa,29.9833,75.3833,overcast clouds,79.3,87,100,4.68,IN,2022-08-07 20:51:44
585,Nagapattinam,10.7667,79.8333,overcast clouds,80.83,71,100,11.05,IN,2022-08-07 20:51:44
586,Nome,64.5011,-165.4064,light rain,48.27,87,100,13.8,US,2022-08-07 20:51:45
587,Dwarka,22.2394,68.9678,overcast clouds,82.4,86,100,13.65,IN,2022-08-07 20:51:45
588,Huatulco,15.8436,-96.3267,overcast clouds,86.86,69,100,5.5,MX,2022-08-07 20:51:46
589,Benghazi,32.1167,20.0667,clear sky,81.81,73,0,10.45,LY,2022-08-07 20:51:46
590,Ponta Delgada,37.7333,-25.6667,scattered clouds,72.32,88,40,5.75,PT,2022-08-07 20:51:46
591,Arman,59.7,150.1667,overcast clouds,57.76,70,97,1.1,RU,2022-08-07 20:51:47
592,Frankfort,-27.2667,28.4833,overcast clouds,61.0,34,98,8.99,ZA,2022-08-07 20:51:47
593,Warri,5.5167,5.75,overcast clouds,76.01,85,88,5.7,NG,2022-08-07 20:51:48
594,Sao Joao Da Barra,-21.6403,-41.0511,few clouds,77.09,88,16,14.99,BR,2022-08-07 20:51:48
595,San Cristobal,7.7669,-72.225,overcast clouds,82.58,54,92,6.44,VE,2022-08-07 20:51:49
596,Saint-Joseph,-21.3667,55.6167,few clouds,66.58,80,11,5.84,RE,2022-08-07 20:51:49
597,Manicore,-5.8092,-61.3003,clear sky,87.75,66,0,5.75,BR,2022-08-07 20:48:14
598,Nikitinskiy,54.5845,86.0115,scattered clouds,56.41,78,38,1.9,RU,2022-08-07 20:52:50
599,Juneau,58.3019,-134.4197,overcast clouds,59.22,93,100,9.22,US,2022-08-07 20:52:50
600,Caraballeda,10.6112,-66.8522,broken clouds,91.47,55,75,6.91,VE,2022-08-07 20:52:50
601,Acapulco,16.8634,-99.8901,scattered clouds,87.62,70,40,9.22,MX,2022-08-07 20:48:53
602,Tateyama,34.9833,139.8667,few clouds,80.1,87,19,11.81,JP,2022-08-07 20:52:51
603,Mogadishu,2.0371,45.3438,overcast clouds,75.52,80,100,18.95,SO,2022-08-07 20:50:46
604,Port Augusta,-32.5,137.7667,clear sky,40.93,77,0,2.44,AU,2022-08-07 20:52:52
605,Subate,56.0062,25.9076,overcast clouds,54.68,84,99,4.61,LV,2022-08-07 20:52:52
606,Ustye,59.6304,39.736,overcast clouds,55.62,94,100,3.98,RU,2022-08-07 20:52:53
607,San Ignacio,17.1561,-89.0714,broken clouds,75.34,94,75,4.61,BZ,2022-08-07 20:52:53
608,Thio,-21.6167,166.2167,clear sky,69.76,84,6,4.83,NC,2022-08-07 20:52:54
609,Kastaneai,41.65,26.4667,clear sky,74.59,59,0,8.79,GR,2022-08-07 20:52:54
610,Chabahar,25.2919,60.643,overcast clouds,82.06,84,97,2.75,IR,2022-08-07 20:52:54
611,Dalbandin,28.8947,64.4101,clear sky,92.61,12,0,1.7,PK,2022-08-07 20:52:55
612,New Richmond,45.123,-92.5366,overcast clouds,76.84,73,100,9.22,US,2022-08-07 20:51:13
613,Taicheng,38.731,113.228,broken clouds,72.36,81,77,2.51,CN,2022-08-07 20:52:55
614,Krasnoselkup,65.7,82.4667,overcast clouds,58.12,79,100,6.96,RU,2022-08-07 20:52:56
615,Plettenberg Bay,-34.0527,23.3716,scattered clouds,58.06,83,25,9.73,ZA,2022-08-07 20:52:56
616,Kjollefjord,70.9457,27.3465,light rain,50.05,93,75,11.5,NO,2022-08-07 20:52:57
617,Portland,45.5234,-122.6762,clear sky,99.86,30,0,5.01,US,2022-08-07 20:52:57
618,Moranbah,-22.0016,148.0466,clear sky,51.96,50,0,11.54,AU,2022-08-07 20:52:58
619,Banjar,-8.19,114.9675,clear sky,74.3,90,8,4.63,ID,2022-08-07 20:52:58
620,Shinichi,34.55,133.2667,overcast clouds,76.24,87,100,2.01,JP,2022-08-07 20:52:58
621,Changji,44.0167,87.3167,clear sky,79.59,41,0,4.47,CN,2022-08-07 20:52:59
622,Jhelum,32.9331,73.7264,overcast clouds,83.19,76,99,7.83,PK,2022-08-07 20:50:48
623,Tautira,-17.7333,-149.15,overcast clouds,75.11,74,95,22.95,PF,2022-08-07 20:49:02
624,Leh,34.1667,77.5833,scattered clouds,66.11,50,42,4.99,IN,2022-08-07 20:53:00
625,Gladstone,-23.85,151.25,clear sky,50.79,76,0,5.75,AU,2022-08-07 20:53:01
626,Mujiayingzi,42.1167,118.7833,overcast clouds,65.48,59,99,4.65,CN,2022-08-07 20:53:01
627,Pemangkat,1.1667,108.9667,broken clouds,76.71,86,65,8.14,ID,2022-08-07 20:53:02
628,Kalianget,-7.05,113.9333,clear sky,78.19,80,2,5.5,ID,2022-08-07 20:53:02
629,Pingxiang,27.6167,113.85,scattered clouds,78.24,76,25,3.38,CN,2022-08-07 20:53:03
630,Iskateley,67.6803,53.1512,overcast clouds,58.68,90,91,6.87,RU,2022-08-07 20:53:03
631,Jalu,29.0331,21.5482,clear sky,82.9,47,0,15.32,LY,2022-08-07 20:53:04
632,Babushkin,51.7122,105.8647,clear sky,51.37,82,6,5.28,RU,2022-08-07 20:53:04
633,Nishihara,26.1842,127.7558,few clouds,81.68,81,20,4.61,JP,2022-08-07 20:53:05
634,Dubrovka,53.6907,33.5071,overcast clouds,59.09,94,100,9.44,RU,2022-08-07 20:53:05
635,Kamaishi,39.2667,141.8833,overcast clouds,75.31,90,97,6.82,JP,2022-08-07 20:53:05
636,Verkhoyansk,67.5447,133.385,overcast clouds,60.06,87,92,5.23,RU,2022-08-07 20:53:06
637,Belyy Yar,53.6039,91.3903,clear sky,51.69,81,0,4.47,RU,2022-08-07 20:53:07
638,Paramirim,-13.4425,-42.2389,scattered clouds,79.25,45,26,12.28,BR,2022-08-07 20:53:08
639,Puerto Escondido,15.85,-97.0667,overcast clouds,85.44,70,100,6.02,MX,2022-08-07 20:48:44
640,Aleksandrov Gay,50.147,48.5704,overcast clouds,80.42,28,88,8.57,RU,2022-08-07 20:53:08
641,Marang,5.2056,103.2059,light rain,78.71,88,100,4.76,MY,2022-08-07 20:53:09
642,Broken Hill,-31.95,141.4333,clear sky,44.94,75,6,7.7,AU,2022-08-07 20:53:09
643,Ust-Ishim,57.6935,71.1665,overcast clouds,57.65,79,85,5.32,RU,2022-08-07 20:53:10
644,Uirauna,-6.5183,-38.4122,clear sky,80.17,46,5,6.08,BR,2022-08-07 20:54:10
645,Gori,41.9842,44.1158,broken clouds,68.07,75,84,3.0,GE,2022-08-07 20:54:11
646,Sobolevo,54.4299,31.8996,clear sky,53.24,95,4,6.46,RU,2022-08-07 20:54:11
647,Chardara,41.2547,67.9692,clear sky,75.79,39,6,5.21,KZ,2022-08-07 20:54:11
648,Nhulunbuy,-12.2333,136.7667,scattered clouds,75.81,83,25,9.22,AU,2022-08-07 20:54:12
649,Muravlenko,63.7898,74.523,overcast clouds,60.89,72,85,9.71,RU,2022-08-07 20:54:12
650,Upata,8.0086,-62.3989,overcast clouds,79.2,87,86,3.67,VE,2022-08-07 20:51:59
651,Teo,42.75,-8.5,few clouds,75.87,73,20,5.75,ES,2022-08-07 20:54:13
652,Weinan,34.5036,109.5089,overcast clouds,86.2,54,100,3.13,CN,2022-08-07 20:54:13
653,Gizo,-8.103,156.8419,broken clouds,81.63,75,67,3.96,SB,2022-08-07 20:54:14
654,Dongsheng,39.8161,109.9776,broken clouds,71.1,53,77,17.18,CN,2022-08-07 20:54:14
655,Ratnagiri,16.9833,73.3,light rain,78.24,90,100,13.73,IN,2022-08-07 20:54:15
656,Olafsvik,64.8945,-23.7142,overcast clouds,51.44,83,100,14.12,IS,2022-08-07 20:54:16
657,Ojinaga,29.5667,-104.4167,scattered clouds,100.58,28,40,3.44,MX,2022-08-07 20:54:16
658,Kalmar,56.6616,16.3616,broken clouds,60.96,76,75,5.75,SE,2022-08-07 20:54:16
659,Puerto Ayacucho,5.6639,-67.6236,scattered clouds,87.13,67,25,2.35,VE,2022-08-07 20:54:17
660,Grootfontein,-19.5667,18.1167,scattered clouds,58.57,36,25,3.44,NA,2022-08-07 20:54:17
661,Hambantota,6.1241,81.1185,overcast clouds,78.06,81,100,18.32,LK,2022-08-07 20:54:18
662,Berlevag,70.8578,29.0864,light rain,48.2,87,75,13.8,NO,2022-08-07 20:54:18
663,Viedma,-40.8135,-62.9967,overcast clouds,47.07,73,100,6.64,AR,2022-08-07 20:54:19
664,Miles City,46.4083,-105.8406,clear sky,80.22,31,0,7.02,US,2022-08-07 20:54:19
665,Carora,10.1755,-70.0827,overcast clouds,93.16,34,92,7.61,VE,2022-08-07 20:54:20
666,Pimenta Bueno,-11.6725,-61.1936,broken clouds,92.44,36,82,5.03,BR,2022-08-07 20:54:20
667,Thinadhoo,0.5333,72.9333,overcast clouds,81.88,74,100,7.54,MV,2022-08-07 20:54:20
668,Quelimane,-17.8786,36.8883,clear sky,69.75,82,0,2.3,MZ,2022-08-07 20:54:21
669,Tabas,33.5959,56.9244,clear sky,91.29,16,0,7.02,IR,2022-08-07 20:54:21
670,Ejido,8.5514,-71.2375,overcast clouds,75.31,80,100,3.2,VE,2022-08-07 20:54:22
671,Choix,26.7092,-108.3219,scattered clouds,92.98,44,47,6.89,MX,2022-08-07 20:54:23
672,Patancheru,17.5314,78.265,heavy intensity rain,74.26,93,100,20.38,IN,2022-08-07 20:54:23
673,Sumbe,-11.2061,13.8437,scattered clouds,67.55,89,48,7.23,AO,2022-08-07 20:54:24
674,Ashcroft,50.7165,-121.2859,clear sky,90.48,20,0,1.21,CA,2022-08-07 20:54:24
675,Orlik,52.5178,99.825,clear sky,41.74,76,0,0.45,RU,2022-08-07 20:54:25
676,Tshikapa,-6.4167,20.8,overcast clouds,78.91,26,100,2.08,CD,2022-08-07 20:54:25
677,Hare Bay,48.8499,-54.0148,broken clouds,83.55,64,80,14.76,CA,2022-08-07 20:54:25
678,Leshukonskoye,64.8989,45.7622,overcast clouds,59.58,86,100,3.8,RU,2022-08-07 20:54:26
679,Loa Janan,-0.583,117.095,overcast clouds,71.42,94,89,2.71,ID,2022-08-07 20:54:27
680,Aqtobe,50.2797,57.2072,clear sky,69.89,52,0,0.0,KZ,2022-08-07 20:54:27
681,Kimberley,-28.7323,24.7623,clear sky,56.89,38,4,16.11,ZA,2022-08-07 20:54:27
682,Copiapo,-27.3667,-70.3333,scattered clouds,56.89,34,34,5.06,CL,2022-08-07 20:54:28
683,Abonnema,4.7084,6.7931,broken clouds,75.49,88,72,8.19,NG,2022-08-07 20:54:28
684,Iwanai,42.9744,140.5089,overcast clouds,71.55,94,100,6.85,JP,2022-08-07 20:54:29
685,Forbes,-33.3833,148.0167,clear sky,44.92,92,6,2.39,AU,2022-08-07 20:54:29
686,Goderich,43.7501,-81.7165,overcast clouds,86.32,62,100,13.8,CA,2022-08-07 20:51:21
